testcase,module
test_empty_ff,UNMAPPED
test_one_empty_line,UNMAPPED
test_one_empty_line_ff,UNMAPPED
test_piping,UNMAPPED
test_piping_diff,UNMAPPED
test_piping_diff_with_color,UNMAPPED
test_pep_572_version_detection,UNMAPPED
test_pep_695_version_detection,UNMAPPED
test_pep_696_version_detection,UNMAPPED
test_expression_ff,UNMAPPED
test_expression_diff,UNMAPPED
test_expression_diff_with_color,UNMAPPED
test_detect_pos_only_arguments,UNMAPPED
test_detect_debug_f_strings,UNMAPPED
test_string_quotes,UNMAPPED
test_skip_source_first_line,UNMAPPED
test_skip_source_first_line_when_mixing_newlines,UNMAPPED
test_skip_magic_trailing_comma,UNMAPPED
test_python37,UNMAPPED
test_tab_comment_indentation,UNMAPPED
test_false_positive_symlink_output_issue_3384,../repos/black/src/black/report.py
test_report_verbose,../repos/black/src/black/report.py
test_report_quiet,../repos/black/src/black/report.py
test_report_normal,../repos/black/src/black/report.py
test_lib2to3_parse,UNMAPPED
test_get_features_used_decorator,UNMAPPED
test_get_features_used,UNMAPPED
test_get_features_used_for_future_flags,UNMAPPED
test_get_future_imports,UNMAPPED
test_debug_visitor,../repos/black/src/black/debug.py
test_format_file_contents,UNMAPPED
test_endmarker,UNMAPPED
test_assertFormatEqual_print_full_tree,UNMAPPED
test_assertFormatEqual_print_tree_diff,UNMAPPED
test_works_in_mono_process_only_environment,UNMAPPED
test_check_diff_use_together,UNMAPPED
test_no_src_fails,UNMAPPED
test_src_and_code_fails,UNMAPPED
test_broken_symlink,UNMAPPED
test_single_file_force_pyi,UNMAPPED
test_multi_file_force_pyi,UNMAPPED
test_pipe_force_pyi,UNMAPPED
test_single_file_force_py36,UNMAPPED
test_multi_file_force_py36,UNMAPPED
test_pipe_force_py36,UNMAPPED
test_reformat_one_with_stdin,../repos/black/src/black/report.py
test_reformat_one_with_stdin_filename,../repos/black/src/black/report.py
test_reformat_one_with_stdin_filename_pyi,../repos/black/src/black/report.py
test_reformat_one_with_stdin_filename_ipynb,../repos/black/src/black/report.py
test_reformat_one_with_stdin_and_existing_path,../repos/black/src/black/report.py
test_reformat_one_with_stdin_empty,../repos/black/src/black/output.py
test_cli_unstable,UNMAPPED
test_invalid_cli_regex,UNMAPPED
test_required_version_matches_version,UNMAPPED
test_required_version_matches_partial_version,UNMAPPED
test_required_version_does_not_match_on_minor_version,UNMAPPED
test_required_version_does_not_match_version,UNMAPPED
test_preserves_line_endings,UNMAPPED
test_preserves_line_endings_via_stdin,UNMAPPED
test_normalize_line_endings,UNMAPPED
test_root_logger_not_used_directly,UNMAPPED
test_invalid_config_return_code,UNMAPPED
test_parse_pyproject_toml,UNMAPPED
test_spellcheck_pyproject_toml,UNMAPPED
test_parse_pyproject_toml_project_metadata,UNMAPPED
test_infer_target_version,UNMAPPED
test_read_pyproject_toml,UNMAPPED
test_read_pyproject_toml_from_stdin,UNMAPPED
test_find_project_root,UNMAPPED
test_find_pyproject_toml,UNMAPPED
test_find_user_pyproject_toml_linux,UNMAPPED
test_find_user_pyproject_toml_windows,UNMAPPED
test_bpo_33660_workaround,UNMAPPED
test_normalize_path_ignore_windows_junctions_outside_of_root,UNMAPPED
test_newline_comment_interaction,UNMAPPED
test_bpo_2142_workaround,UNMAPPED
test_code_option,UNMAPPED
test_code_option_changed,UNMAPPED
test_code_option_check,UNMAPPED
test_code_option_check_changed,UNMAPPED
test_code_option_diff,../repos/black/src/black/output.py
test_code_option_color_diff,../repos/black/src/black/output.py
test_code_option_safe,UNMAPPED
test_code_option_fast,UNMAPPED
test_code_option_config,UNMAPPED
test_code_option_parent_config,UNMAPPED
test_for_handled_unexpected_eof_error,UNMAPPED
test_line_ranges_with_code_option,UNMAPPED
test_line_ranges_with_stdin,UNMAPPED
test_line_ranges_with_source,UNMAPPED
test_line_ranges_with_multiple_sources,UNMAPPED
test_line_ranges_with_ipynb,UNMAPPED
test_line_ranges_in_pyproject_toml,UNMAPPED
test_lines_with_leading_tabs_expanded,../repos/black/src/black/strings.py
test_carriage_return_edge_cases,UNMAPPED
test_newline_type_detection,../repos/black/src/black/mode.py
test_decode_with_encoding,UNMAPPED
test_get_cache_dir,../repos/black/src/black/cache.py
test_cache_file_length,../repos/black/src/black/mode.py
test_cache_file_length,../repos/black/src/black/cache.py
test_cache_file_path_ignores_python_cell_magic_separators,../repos/black/src/black/mode.py
test_cache_file_path_ignores_python_cell_magic_separators,../repos/black/src/black/cache.py
test_cache_broken_file,../repos/black/src/black/cache.py
test_cache_single_file_already_cached,../repos/black/src/black/cache.py
test_cache_multiple_files,../repos/black/src/black/cache.py
test_no_cache_when_writeback_diff,../repos/black/src/black/cache.py
test_output_locking_when_writeback_diff,UNMAPPED
test_no_cache_when_stdin,../repos/black/src/black/cache.py
test_no_cache_flag_prevents_writes,../repos/black/src/black/cache.py
test_no_cache_with_multiple_files,../repos/black/src/black/cache.py
test_read_cache_no_cachefile,UNMAPPED
test_write_cache_read_cache,UNMAPPED
test_filter_cached,../repos/black/src/black/cache.py
test_filter_cached_hash,../repos/black/src/black/cache.py
test_write_cache_creates_directory_if_needed,../repos/black/src/black/cache.py
test_failed_formatting_does_not_get_cached,../repos/black/src/black/cache.py
test_write_cache_write_fail,../repos/black/src/black/cache.py
test_read_cache_line_lengths,../repos/black/src/black/cache.py
test_cache_key,../repos/black/src/black/mode.py
test_include_exclude,UNMAPPED
test_gitignore_used_as_default,UNMAPPED
test_gitignore_used_on_multiple_sources,UNMAPPED
test_exclude_for_issue_1572,UNMAPPED
test_gitignore_exclude,UNMAPPED
test_gitignore_reinclude,UNMAPPED
test_gitignore_reinclude_root,UNMAPPED
test_nested_gitignore,UNMAPPED
test_nested_gitignore_directly_in_source_directory,UNMAPPED
test_invalid_gitignore,UNMAPPED
test_invalid_nested_gitignore,UNMAPPED
test_gitignore_that_ignores_subfolders,UNMAPPED
test_gitignore_that_ignores_directory,UNMAPPED
test_empty_include,UNMAPPED
test_include_absolute_path,UNMAPPED
test_exclude_absolute_path,UNMAPPED
test_extend_exclude,UNMAPPED
test_symlinks,UNMAPPED
test_get_sources_symlink_and_force_exclude,UNMAPPED
test_get_sources_with_stdin_symlink_outside_root,UNMAPPED
test_get_sources_with_stdin,UNMAPPED
test_get_sources_with_stdin_filename,UNMAPPED
test_get_sources_with_stdin_filename_and_exclude,UNMAPPED
test_get_sources_with_stdin_filename_and_extend_exclude,UNMAPPED
test_get_sources_with_stdin_filename_and_force_exclude,UNMAPPED
test_get_sources_with_stdin_filename_and_force_exclude_and_symlink,UNMAPPED
test_format_str,UNMAPPED
test_format_file_contents,UNMAPPED
test_assert_equivalent_basic,UNMAPPED
test_assert_equivalent_del,UNMAPPED
test_assert_equivalent_strings,UNMAPPED
test_assert_equivalent_fstring,UNMAPPED
test_equivalency_ast_parse_failure_includes_error,UNMAPPED
test_target_version_exceeds_runtime_warning,UNMAPPED
test_target_version_exceeds_runtime_no_warning_with_fast,UNMAPPED
test_target_version_at_runtime_no_warning,UNMAPPED
test_target_version_exceeds_runtime_clear_error_message,../repos/black/src/black/mode.py
test_target_version_exceeds_runtime_clear_error_message,../repos/black/src/black/parsing.py
test_blackd_main,UNMAPPED
test_manager_shutdown_called_for_diff,../repos/black/src/black/concurrency.py
test_manager_shutdown_called_for_diff,../repos/black/src/black/report.py
test_feature_lists_are_up_to_date,UNMAPPED
test_simple_format,UNMAPPED
test_line_ranges_line_by_line,UNMAPPED
test_empty,UNMAPPED
test_patma_invalid,UNMAPPED
test_noop,UNMAPPED
test_create_token_uses_requested_length,../repos/black/src/black/handle_ipynb_magics.py
test_unmask_cell_raises_when_token_is_not_unique,../repos/black/src/black/handle_ipynb_magics.py
test_trailing_semicolon,UNMAPPED
test_trailing_semicolon_with_comment,UNMAPPED
test_trailing_semicolon_with_comment_on_next_line,UNMAPPED
test_trailing_semicolon_indented,UNMAPPED
test_trailing_semicolon_noop,UNMAPPED
test_cell_magic,UNMAPPED
test_cell_magic_noop,UNMAPPED
test_magic,UNMAPPED
test_non_python_magics,UNMAPPED
test_set_input,UNMAPPED
test_input_already_contains_transformed_magic,UNMAPPED
test_magic_noop,UNMAPPED
test_cell_magic_with_magic,UNMAPPED
test_cell_magic_with_empty_lines,UNMAPPED
test_cell_magic_with_custom_python_magic,UNMAPPED
test_cell_magic_with_custom_python_magic_after_spaces_and_comments_noop,UNMAPPED
test_cell_magic_nested,UNMAPPED
test_cell_magic_with_magic_noop,UNMAPPED
test_automagic,UNMAPPED
test_multiline_magic,UNMAPPED
test_multiline_no_magic,UNMAPPED
test_cell_magic_with_invalid_body,UNMAPPED
test_empty_cell,UNMAPPED
test_entire_notebook_empty_metadata,UNMAPPED
test_entire_notebook_trailing_newline,UNMAPPED
test_entire_notebook_no_trailing_newline,UNMAPPED
test_entire_notebook_without_changes,UNMAPPED
test_non_python_notebook,UNMAPPED
test_empty_string,UNMAPPED
test_unparseable_notebook,UNMAPPED
test_ipynb_diff_with_change,UNMAPPED
test_ipynb_diff_with_no_change,UNMAPPED
test_cache_isnt_written_if_no_jupyter_deps_single,../repos/black/src/black/handle_ipynb_magics.py
test_cache_isnt_written_if_no_jupyter_deps_dir,../repos/black/src/black/handle_ipynb_magics.py
test_ipynb_flag,UNMAPPED
test_ipynb_and_pyi_flags,UNMAPPED
test_unable_to_replace_magics,UNMAPPED
test_ipynb_diff_with_no_change_single,UNMAPPED
test_ipynb_diff_with_no_change_dir,UNMAPPED
test_no_diff,../repos/black/src/black/ranges.py
test_invalid_lines,../repos/black/src/black/ranges.py
test_removals,../repos/black/src/black/ranges.py
test_additions,../repos/black/src/black/ranges.py
test_diffs,../repos/black/src/black/ranges.py
test_sanitize,../repos/black/src/black/ranges.py
test_schema_entrypoint,UNMAPPED
test_simple,UNMAPPED
test_fstring,UNMAPPED
test_fexpr_spans,../repos/black/src/black/trans.py
test_request_url_trims_leading_path_separators,../repos/requests/src/requests/sessions.py
test_request_url_trims_leading_path_separators,../repos/requests/src/requests/api.py
test_system_ssl,../repos/requests/src/requests/help.py
test_idna_without_version_attribute,../repos/requests/src/requests/help.py
test_idna_with_version_attribute,../repos/requests/src/requests/help.py
test_hooks,../repos/requests/src/requests/hooks.py
test_default_hooks,../repos/requests/src/requests/hooks.py
test_chunked_upload,../repos/requests/src/requests/sessions.py
test_chunked_upload,../repos/requests/src/requests/api.py
test_chunked_encoding_error,../repos/requests/src/requests/sessions.py
test_chunked_encoding_error,../repos/requests/src/requests/api.py
test_chunked_upload_uses_only_specified_host_header,../repos/requests/src/requests/sessions.py
test_chunked_upload_uses_only_specified_host_header,../repos/requests/src/requests/api.py
test_chunked_upload_doesnt_skip_host_header,../repos/requests/src/requests/sessions.py
test_chunked_upload_doesnt_skip_host_header,../repos/requests/src/requests/api.py
test_conflicting_content_lengths,../repos/requests/src/requests/sessions.py
test_conflicting_content_lengths,../repos/requests/src/requests/api.py
test_digestauth_401_count_reset_on_redirect,../repos/requests/src/requests/sessions.py
test_digestauth_401_count_reset_on_redirect,../repos/requests/src/requests/api.py
test_digestauth_401_only_sent_once,../repos/requests/src/requests/sessions.py
test_digestauth_401_only_sent_once,../repos/requests/src/requests/api.py
test_digestauth_only_on_4xx,../repos/requests/src/requests/sessions.py
test_digestauth_only_on_4xx,../repos/requests/src/requests/api.py
test_use_proxy_from_environment,../repos/requests/src/requests/sessions.py
test_use_proxy_from_environment,../repos/requests/src/requests/utils.py
test_use_proxy_from_environment,../repos/requests/src/requests/api.py
test_redirect_rfc1808_to_non_ascii_location,../repos/requests/src/requests/sessions.py
test_redirect_rfc1808_to_non_ascii_location,../repos/requests/src/requests/api.py
test_fragment_not_sent_with_request,../repos/requests/src/requests/sessions.py
test_fragment_not_sent_with_request,../repos/requests/src/requests/api.py
test_fragment_update_on_redirect,../repos/requests/src/requests/sessions.py
test_fragment_update_on_redirect,../repos/requests/src/requests/api.py
test_json_decode_compatibility_for_alt_utf_encodings,../repos/requests/src/requests/sessions.py
test_json_decode_compatibility_for_alt_utf_encodings,../repos/requests/src/requests/api.py
test_can_access_urllib3_attribute,UNMAPPED
test_can_access_idna_attribute,UNMAPPED
test_can_access_chardet_attribute,UNMAPPED
test_json_encodes_as_bytes,../repos/requests/src/requests/models.py
test_requests_are_updated_each_time,../repos/requests/src/requests/sessions.py
test_requests_are_updated_each_time,../repos/requests/src/requests/api.py
test_proxy_env_vars_override_default,../repos/requests/src/requests/sessions.py
test_proxy_env_vars_override_default,../repos/requests/src/requests/compat.py
test_proxy_env_vars_override_default,../repos/requests/src/requests/models.py
test_proxy_env_vars_override_default,../repos/requests/src/requests/utils.py
test_proxy_env_vars_override_default,../repos/requests/src/requests/api.py
test_data_argument_accepts_tuples,../repos/requests/src/requests/hooks.py
test_data_argument_accepts_tuples,../repos/requests/src/requests/models.py
test_prepared_copy,../repos/requests/src/requests/hooks.py
test_prepared_copy,../repos/requests/src/requests/models.py
test_urllib3_retries,../repos/requests/src/requests/sessions.py
test_urllib3_retries,../repos/requests/src/requests/api.py
test_urllib3_retries,../repos/requests/src/requests/adapters.py
test_urllib3_pool_connection_closed,../repos/requests/src/requests/sessions.py
test_urllib3_pool_connection_closed,../repos/requests/src/requests/api.py
test_urllib3_pool_connection_closed,../repos/requests/src/requests/adapters.py
test_content_length_for_bytes_data,../repos/requests/src/requests/sessions.py
test_content_length_for_bytes_data,../repos/requests/src/requests/api.py
test_content_length_for_string_data_counts_bytes,../repos/requests/src/requests/sessions.py
test_content_length_for_string_data_counts_bytes,../repos/requests/src/requests/api.py
test_json_decode_errors_are_serializable_deserializable,../repos/requests/src/requests/sessions.py
test_json_decode_errors_are_serializable_deserializable,../repos/requests/src/requests/api.py
test_entry_points,../repos/requests/src/requests/sessions.py
test_entry_points,../repos/requests/src/requests/api.py
test_invalid_url,../repos/requests/src/requests/sessions.py
test_invalid_url,../repos/requests/src/requests/api.py
test_basic_building,../repos/requests/src/requests/sessions.py
test_basic_building,../repos/requests/src/requests/api.py
test_no_content_length,../repos/requests/src/requests/sessions.py
test_no_content_length,../repos/requests/src/requests/api.py
test_no_body_content_length,../repos/requests/src/requests/sessions.py
test_no_body_content_length,../repos/requests/src/requests/api.py
test_empty_content_length,../repos/requests/src/requests/sessions.py
test_empty_content_length,../repos/requests/src/requests/api.py
test_override_content_length,../repos/requests/src/requests/sessions.py
test_override_content_length,../repos/requests/src/requests/api.py
test_path_is_not_double_encoded,../repos/requests/src/requests/sessions.py
test_path_is_not_double_encoded,../repos/requests/src/requests/api.py
test_params_are_added_before_fragment,../repos/requests/src/requests/sessions.py
test_params_are_added_before_fragment,../repos/requests/src/requests/api.py
test_params_original_order_is_preserved_by_default,../repos/requests/src/requests/sessions.py
test_params_original_order_is_preserved_by_default,../repos/requests/src/requests/api.py
test_params_bytes_are_encoded,../repos/requests/src/requests/sessions.py
test_params_bytes_are_encoded,../repos/requests/src/requests/api.py
test_binary_put,../repos/requests/src/requests/sessions.py
test_binary_put,../repos/requests/src/requests/api.py
test_whitespaces_are_removed_from_url,../repos/requests/src/requests/sessions.py
test_whitespaces_are_removed_from_url,../repos/requests/src/requests/api.py
test_mixed_case_scheme_acceptable,../repos/requests/src/requests/sessions.py
test_mixed_case_scheme_acceptable,../repos/requests/src/requests/compat.py
test_mixed_case_scheme_acceptable,../repos/requests/src/requests/api.py
test_HTTP_200_OK_GET_ALTERNATIVE,../repos/requests/src/requests/sessions.py
test_HTTP_200_OK_GET_ALTERNATIVE,../repos/requests/src/requests/compat.py
test_HTTP_200_OK_GET_ALTERNATIVE,../repos/requests/src/requests/api.py
test_HTTP_302_ALLOW_REDIRECT_GET,../repos/requests/src/requests/sessions.py
test_HTTP_302_ALLOW_REDIRECT_GET,../repos/requests/src/requests/api.py
test_HTTP_307_ALLOW_REDIRECT_POST,../repos/requests/src/requests/sessions.py
test_HTTP_307_ALLOW_REDIRECT_POST,../repos/requests/src/requests/api.py
test_HTTP_307_ALLOW_REDIRECT_POST_WITH_SEEKABLE,../repos/requests/src/requests/sessions.py
test_HTTP_307_ALLOW_REDIRECT_POST_WITH_SEEKABLE,../repos/requests/src/requests/api.py
test_HTTP_302_TOO_MANY_REDIRECTS,../repos/requests/src/requests/sessions.py
test_HTTP_302_TOO_MANY_REDIRECTS,../repos/requests/src/requests/api.py
test_HTTP_302_TOO_MANY_REDIRECTS_WITH_PARAMS,../repos/requests/src/requests/sessions.py
test_HTTP_302_TOO_MANY_REDIRECTS_WITH_PARAMS,../repos/requests/src/requests/api.py
test_http_301_changes_post_to_get,../repos/requests/src/requests/sessions.py
test_http_301_changes_post_to_get,../repos/requests/src/requests/api.py
test_http_301_doesnt_change_head_to_get,../repos/requests/src/requests/sessions.py
test_http_301_doesnt_change_head_to_get,../repos/requests/src/requests/api.py
test_http_302_changes_post_to_get,../repos/requests/src/requests/sessions.py
test_http_302_changes_post_to_get,../repos/requests/src/requests/api.py
test_http_302_doesnt_change_head_to_get,../repos/requests/src/requests/sessions.py
test_http_302_doesnt_change_head_to_get,../repos/requests/src/requests/api.py
test_http_303_changes_post_to_get,../repos/requests/src/requests/sessions.py
test_http_303_changes_post_to_get,../repos/requests/src/requests/api.py
test_http_303_doesnt_change_head_to_get,../repos/requests/src/requests/sessions.py
test_http_303_doesnt_change_head_to_get,../repos/requests/src/requests/api.py
test_header_and_body_removal_on_redirect,../repos/requests/src/requests/sessions.py
test_header_and_body_removal_on_redirect,../repos/requests/src/requests/api.py
test_transfer_enc_removal_on_redirect,../repos/requests/src/requests/sessions.py
test_transfer_enc_removal_on_redirect,../repos/requests/src/requests/api.py
test_fragment_maintained_on_redirect,../repos/requests/src/requests/sessions.py
test_fragment_maintained_on_redirect,../repos/requests/src/requests/api.py
test_HTTP_200_OK_GET_WITH_PARAMS,../repos/requests/src/requests/sessions.py
test_HTTP_200_OK_GET_WITH_PARAMS,../repos/requests/src/requests/api.py
test_HTTP_200_OK_GET_WITH_MIXED_PARAMS,../repos/requests/src/requests/sessions.py
test_HTTP_200_OK_GET_WITH_MIXED_PARAMS,../repos/requests/src/requests/api.py
test_set_cookie_on_301,../repos/requests/src/requests/sessions.py
test_set_cookie_on_301,../repos/requests/src/requests/api.py
test_cookie_sent_on_redirect,../repos/requests/src/requests/sessions.py
test_cookie_sent_on_redirect,../repos/requests/src/requests/api.py
test_cookie_removed_on_expire,../repos/requests/src/requests/sessions.py
test_cookie_removed_on_expire,../repos/requests/src/requests/api.py
test_cookie_quote_wrapped,../repos/requests/src/requests/sessions.py
test_cookie_quote_wrapped,../repos/requests/src/requests/api.py
test_cookie_persists_via_api,../repos/requests/src/requests/sessions.py
test_cookie_persists_via_api,../repos/requests/src/requests/api.py
test_request_cookie_overrides_session_cookie,../repos/requests/src/requests/sessions.py
test_request_cookie_overrides_session_cookie,../repos/requests/src/requests/api.py
test_request_cookies_not_persisted,../repos/requests/src/requests/sessions.py
test_request_cookies_not_persisted,../repos/requests/src/requests/api.py
test_generic_cookiejar_works,../repos/requests/src/requests/compat.py
test_generic_cookiejar_works,../repos/requests/src/requests/sessions.py
test_generic_cookiejar_works,../repos/requests/src/requests/cookies.py
test_generic_cookiejar_works,../repos/requests/src/requests/api.py
test_param_cookiejar_works,../repos/requests/src/requests/compat.py
test_param_cookiejar_works,../repos/requests/src/requests/sessions.py
test_param_cookiejar_works,../repos/requests/src/requests/cookies.py
test_param_cookiejar_works,../repos/requests/src/requests/api.py
test_cookielib_cookiejar_on_redirect,../repos/requests/src/requests/cookies.py
test_cookielib_cookiejar_on_redirect,../repos/requests/src/requests/sessions.py
test_cookielib_cookiejar_on_redirect,../repos/requests/src/requests/compat.py
test_cookielib_cookiejar_on_redirect,../repos/requests/src/requests/api.py
test_requests_in_history_are_not_overridden,../repos/requests/src/requests/sessions.py
test_requests_in_history_are_not_overridden,../repos/requests/src/requests/api.py
test_history_is_always_a_list,../repos/requests/src/requests/sessions.py
test_history_is_always_a_list,../repos/requests/src/requests/api.py
test_headers_on_session_with_None_are_not_sent,../repos/requests/src/requests/sessions.py
test_headers_on_session_with_None_are_not_sent,../repos/requests/src/requests/api.py
test_headers_preserve_order,../repos/requests/src/requests/sessions.py
test_headers_preserve_order,../repos/requests/src/requests/api.py
test_user_agent_transfers,../repos/requests/src/requests/sessions.py
test_user_agent_transfers,../repos/requests/src/requests/api.py
test_HTTP_200_OK_HEAD,../repos/requests/src/requests/sessions.py
test_HTTP_200_OK_HEAD,../repos/requests/src/requests/api.py
test_HTTP_200_OK_PUT,../repos/requests/src/requests/sessions.py
test_HTTP_200_OK_PUT,../repos/requests/src/requests/api.py
test_BASICAUTH_TUPLE_HTTP_200_OK_GET,../repos/requests/src/requests/sessions.py
test_BASICAUTH_TUPLE_HTTP_200_OK_GET,../repos/requests/src/requests/api.py
test_set_basicauth,../repos/requests/src/requests/sessions.py
test_set_basicauth,../repos/requests/src/requests/auth.py
test_set_basicauth,../repos/requests/src/requests/api.py
test_basicauth_encodes_byte_strings,../repos/requests/src/requests/sessions.py
test_basicauth_encodes_byte_strings,../repos/requests/src/requests/api.py
test_errors,../repos/requests/src/requests/sessions.py
test_errors,../repos/requests/src/requests/api.py
test_proxy_error,../repos/requests/src/requests/sessions.py
test_proxy_error,../repos/requests/src/requests/api.py
test_proxy_error_on_bad_url,../repos/requests/src/requests/sessions.py
test_proxy_error_on_bad_url,../repos/requests/src/requests/api.py
test_respect_proxy_env_on_send_self_prepared_request,../repos/requests/src/requests/sessions.py
test_respect_proxy_env_on_send_self_prepared_request,../repos/requests/src/requests/utils.py
test_respect_proxy_env_on_send_self_prepared_request,../repos/requests/src/requests/api.py
test_respect_proxy_env_on_send_session_prepared_request,../repos/requests/src/requests/sessions.py
test_respect_proxy_env_on_send_session_prepared_request,../repos/requests/src/requests/utils.py
test_respect_proxy_env_on_send_session_prepared_request,../repos/requests/src/requests/api.py
test_respect_proxy_env_on_send_with_redirects,../repos/requests/src/requests/sessions.py
test_respect_proxy_env_on_send_with_redirects,../repos/requests/src/requests/utils.py
test_respect_proxy_env_on_send_with_redirects,../repos/requests/src/requests/api.py
test_respect_proxy_env_on_get,../repos/requests/src/requests/sessions.py
test_respect_proxy_env_on_get,../repos/requests/src/requests/utils.py
test_respect_proxy_env_on_get,../repos/requests/src/requests/api.py
test_respect_proxy_env_on_request,../repos/requests/src/requests/sessions.py
test_respect_proxy_env_on_request,../repos/requests/src/requests/utils.py
test_respect_proxy_env_on_request,../repos/requests/src/requests/api.py
test_proxy_authorization_preserved_on_request,../repos/requests/src/requests/sessions.py
test_proxy_authorization_preserved_on_request,../repos/requests/src/requests/api.py
test_proxy_authorization_not_appended_to_https_request,../repos/requests/src/requests/sessions.py
test_proxy_authorization_not_appended_to_https_request,../repos/requests/src/requests/api.py
test_basicauth_with_netrc,../repos/requests/src/requests/sessions.py
test_basicauth_with_netrc,../repos/requests/src/requests/api.py
test_basicauth_with_netrc_leak,../repos/requests/src/requests/sessions.py
test_basicauth_with_netrc_leak,../repos/requests/src/requests/api.py
test_DIGEST_HTTP_200_OK_GET,../repos/requests/src/requests/sessions.py
test_DIGEST_HTTP_200_OK_GET,../repos/requests/src/requests/auth.py
test_DIGEST_HTTP_200_OK_GET,../repos/requests/src/requests/api.py
test_DIGEST_AUTH_RETURNS_COOKIE,../repos/requests/src/requests/sessions.py
test_DIGEST_AUTH_RETURNS_COOKIE,../repos/requests/src/requests/auth.py
test_DIGEST_AUTH_RETURNS_COOKIE,../repos/requests/src/requests/api.py
test_DIGEST_AUTH_SETS_SESSION_COOKIES,../repos/requests/src/requests/sessions.py
test_DIGEST_AUTH_SETS_SESSION_COOKIES,../repos/requests/src/requests/auth.py
test_DIGEST_AUTH_SETS_SESSION_COOKIES,../repos/requests/src/requests/api.py
test_DIGEST_STREAM,../repos/requests/src/requests/sessions.py
test_DIGEST_STREAM,../repos/requests/src/requests/auth.py
test_DIGEST_STREAM,../repos/requests/src/requests/api.py
test_DIGESTAUTH_WRONG_HTTP_401_GET,../repos/requests/src/requests/sessions.py
test_DIGESTAUTH_WRONG_HTTP_401_GET,../repos/requests/src/requests/auth.py
test_DIGESTAUTH_WRONG_HTTP_401_GET,../repos/requests/src/requests/api.py
test_DIGESTAUTH_QUOTES_QOP_VALUE,../repos/requests/src/requests/sessions.py
test_DIGESTAUTH_QUOTES_QOP_VALUE,../repos/requests/src/requests/auth.py
test_DIGESTAUTH_QUOTES_QOP_VALUE,../repos/requests/src/requests/api.py
test_POSTBIN_GET_POST_FILES,../repos/requests/src/requests/sessions.py
test_POSTBIN_GET_POST_FILES,../repos/requests/src/requests/api.py
test_invalid_files_input,../repos/requests/src/requests/sessions.py
test_invalid_files_input,../repos/requests/src/requests/api.py
test_POSTBIN_SEEKED_OBJECT_WITH_NO_ITER,../repos/requests/src/requests/sessions.py
test_POSTBIN_SEEKED_OBJECT_WITH_NO_ITER,../repos/requests/src/requests/api.py
test_POSTBIN_GET_POST_FILES_WITH_DATA,../repos/requests/src/requests/sessions.py
test_POSTBIN_GET_POST_FILES_WITH_DATA,../repos/requests/src/requests/api.py
test_post_with_custom_mapping,../repos/requests/src/requests/sessions.py
test_post_with_custom_mapping,../repos/requests/src/requests/api.py
test_conflicting_post_params,../repos/requests/src/requests/sessions.py
test_conflicting_post_params,../repos/requests/src/requests/api.py
test_request_ok_set,../repos/requests/src/requests/sessions.py
test_request_ok_set,../repos/requests/src/requests/api.py
test_status_raising,../repos/requests/src/requests/sessions.py
test_status_raising,../repos/requests/src/requests/api.py
test_decompress_gzip,../repos/requests/src/requests/sessions.py
test_decompress_gzip,../repos/requests/src/requests/api.py
test_unicode_get,../repos/requests/src/requests/sessions.py
test_unicode_get,../repos/requests/src/requests/api.py
test_unicode_header_name,../repos/requests/src/requests/sessions.py
test_unicode_header_name,../repos/requests/src/requests/api.py
test_pyopenssl_redirect,../repos/requests/src/requests/sessions.py
test_pyopenssl_redirect,../repos/requests/src/requests/api.py
test_invalid_ca_certificate_path,../repos/requests/src/requests/sessions.py
test_invalid_ca_certificate_path,../repos/requests/src/requests/api.py
test_invalid_ssl_certificate_files,../repos/requests/src/requests/sessions.py
test_invalid_ssl_certificate_files,../repos/requests/src/requests/api.py
test_env_cert_bundles,../repos/requests/src/requests/sessions.py
test_env_cert_bundles,../repos/requests/src/requests/api.py
test_http_with_certificate,../repos/requests/src/requests/sessions.py
test_http_with_certificate,../repos/requests/src/requests/api.py
test_https_warnings,../repos/requests/src/requests/sessions.py
test_https_warnings,../repos/requests/src/requests/api.py
test_certificate_failure,../repos/requests/src/requests/sessions.py
test_certificate_failure,../repos/requests/src/requests/api.py
test_urlencoded_get_query_multivalued_param,../repos/requests/src/requests/sessions.py
test_urlencoded_get_query_multivalued_param,../repos/requests/src/requests/api.py
test_form_encoded_post_query_multivalued_element,../repos/requests/src/requests/sessions.py
test_form_encoded_post_query_multivalued_element,../repos/requests/src/requests/api.py
test_different_encodings_dont_break_post,../repos/requests/src/requests/sessions.py
test_different_encodings_dont_break_post,../repos/requests/src/requests/api.py
test_unicode_multipart_post,../repos/requests/src/requests/sessions.py
test_unicode_multipart_post,../repos/requests/src/requests/api.py
test_unicode_multipart_post_fieldnames,../repos/requests/src/requests/sessions.py
test_unicode_multipart_post_fieldnames,../repos/requests/src/requests/api.py
test_unicode_method_name,../repos/requests/src/requests/sessions.py
test_unicode_method_name,../repos/requests/src/requests/api.py
test_unicode_method_name_with_request_object,../repos/requests/src/requests/sessions.py
test_unicode_method_name_with_request_object,../repos/requests/src/requests/api.py
test_non_prepared_request_error,../repos/requests/src/requests/sessions.py
test_non_prepared_request_error,../repos/requests/src/requests/api.py
test_custom_content_type,../repos/requests/src/requests/sessions.py
test_custom_content_type,../repos/requests/src/requests/api.py
test_hook_receives_request_arguments,../repos/requests/src/requests/sessions.py
test_hook_receives_request_arguments,../repos/requests/src/requests/api.py
test_session_hooks_are_used_with_no_request_hooks,../repos/requests/src/requests/sessions.py
test_session_hooks_are_used_with_no_request_hooks,../repos/requests/src/requests/api.py
test_session_hooks_are_overridden_by_request_hooks,../repos/requests/src/requests/sessions.py
test_session_hooks_are_overridden_by_request_hooks,../repos/requests/src/requests/api.py
test_prepared_request_hook,../repos/requests/src/requests/sessions.py
test_prepared_request_hook,../repos/requests/src/requests/compat.py
test_prepared_request_hook,../repos/requests/src/requests/api.py
test_prepared_from_session,../repos/requests/src/requests/sessions.py
test_prepared_from_session,../repos/requests/src/requests/api.py
test_prepare_request_with_bytestring_url,../repos/requests/src/requests/sessions.py
test_prepare_request_with_bytestring_url,../repos/requests/src/requests/api.py
test_request_with_bytestring_host,../repos/requests/src/requests/sessions.py
test_request_with_bytestring_host,../repos/requests/src/requests/api.py
test_links,../repos/requests/src/requests/sessions.py
test_links,../repos/requests/src/requests/api.py
test_cookie_parameters,../repos/requests/src/requests/sessions.py
test_cookie_parameters,../repos/requests/src/requests/api.py
test_cookie_as_dict_keeps_len,../repos/requests/src/requests/sessions.py
test_cookie_as_dict_keeps_len,../repos/requests/src/requests/api.py
test_cookie_as_dict_keeps_items,../repos/requests/src/requests/sessions.py
test_cookie_as_dict_keeps_items,../repos/requests/src/requests/api.py
test_cookie_as_dict_keys,../repos/requests/src/requests/sessions.py
test_cookie_as_dict_keys,../repos/requests/src/requests/api.py
test_cookie_as_dict_values,../repos/requests/src/requests/sessions.py
test_cookie_as_dict_values,../repos/requests/src/requests/api.py
test_cookie_as_dict_items,../repos/requests/src/requests/sessions.py
test_cookie_as_dict_items,../repos/requests/src/requests/api.py
test_cookie_duplicate_names_different_domains,../repos/requests/src/requests/sessions.py
test_cookie_duplicate_names_different_domains,../repos/requests/src/requests/api.py
test_cookie_duplicate_names_raises_cookie_conflict_error,../repos/requests/src/requests/sessions.py
test_cookie_duplicate_names_raises_cookie_conflict_error,../repos/requests/src/requests/api.py
test_cookie_policy_copy,../repos/requests/src/requests/sessions.py
test_cookie_policy_copy,../repos/requests/src/requests/api.py
test_time_elapsed_blank,../repos/requests/src/requests/sessions.py
test_time_elapsed_blank,../repos/requests/src/requests/api.py
test_empty_response_has_content_none,../repos/requests/src/requests/sessions.py
test_empty_response_has_content_none,../repos/requests/src/requests/api.py
test_response_is_iterable,../repos/requests/src/requests/sessions.py
test_response_is_iterable,../repos/requests/src/requests/compat.py
test_response_is_iterable,../repos/requests/src/requests/api.py
test_response_decode_unicode,../repos/requests/src/requests/sessions.py
test_response_decode_unicode,../repos/requests/src/requests/api.py
test_response_reason_unicode,../repos/requests/src/requests/sessions.py
test_response_reason_unicode,../repos/requests/src/requests/api.py
test_response_reason_unicode_fallback,../repos/requests/src/requests/sessions.py
test_response_reason_unicode_fallback,../repos/requests/src/requests/api.py
test_response_chunk_size_type,../repos/requests/src/requests/sessions.py
test_response_chunk_size_type,../repos/requests/src/requests/api.py
test_iter_content_wraps_exceptions,../repos/requests/src/requests/sessions.py
test_iter_content_wraps_exceptions,../repos/requests/src/requests/api.py
test_request_and_response_are_pickleable,../repos/requests/src/requests/sessions.py
test_request_and_response_are_pickleable,../repos/requests/src/requests/api.py
test_prepared_request_is_pickleable,../repos/requests/src/requests/sessions.py
test_prepared_request_is_pickleable,../repos/requests/src/requests/api.py
test_prepared_request_with_file_is_pickleable,../repos/requests/src/requests/sessions.py
test_prepared_request_with_file_is_pickleable,../repos/requests/src/requests/api.py
test_prepared_request_with_hook_is_pickleable,../repos/requests/src/requests/sessions.py
test_prepared_request_with_hook_is_pickleable,../repos/requests/src/requests/hooks.py
test_prepared_request_with_hook_is_pickleable,../repos/requests/src/requests/api.py
test_cannot_send_unprepared_requests,../repos/requests/src/requests/sessions.py
test_cannot_send_unprepared_requests,../repos/requests/src/requests/api.py
test_http_error,../repos/requests/src/requests/sessions.py
test_http_error,../repos/requests/src/requests/api.py
test_session_pickling,../repos/requests/src/requests/sessions.py
test_session_pickling,../repos/requests/src/requests/compat.py
test_session_pickling,../repos/requests/src/requests/api.py
test_fixes_1329,../repos/requests/src/requests/sessions.py
test_fixes_1329,../repos/requests/src/requests/api.py
test_uppercase_scheme_redirect,../repos/requests/src/requests/compat.py
test_uppercase_scheme_redirect,../repos/requests/src/requests/sessions.py
test_uppercase_scheme_redirect,../repos/requests/src/requests/api.py
test_transport_adapter_ordering,../repos/requests/src/requests/sessions.py
test_transport_adapter_ordering,../repos/requests/src/requests/api.py
test_transport_adapter_ordering,../repos/requests/src/requests/adapters.py
test_session_get_adapter_prefix_matching,../repos/requests/src/requests/sessions.py
test_session_get_adapter_prefix_matching,../repos/requests/src/requests/api.py
test_session_get_adapter_prefix_matching,../repos/requests/src/requests/adapters.py
test_session_get_adapter_prefix_matching_mixed_case,../repos/requests/src/requests/sessions.py
test_session_get_adapter_prefix_matching_mixed_case,../repos/requests/src/requests/api.py
test_session_get_adapter_prefix_matching_mixed_case,../repos/requests/src/requests/adapters.py
test_session_get_adapter_prefix_matching_is_case_insensitive,../repos/requests/src/requests/sessions.py
test_session_get_adapter_prefix_matching_is_case_insensitive,../repos/requests/src/requests/api.py
test_session_get_adapter_prefix_matching_is_case_insensitive,../repos/requests/src/requests/adapters.py
test_session_get_adapter_prefix_with_trailing_slash,../repos/requests/src/requests/sessions.py
test_session_get_adapter_prefix_with_trailing_slash,../repos/requests/src/requests/api.py
test_session_get_adapter_prefix_with_trailing_slash,../repos/requests/src/requests/adapters.py
test_session_get_adapter_prefix_without_trailing_slash,../repos/requests/src/requests/sessions.py
test_session_get_adapter_prefix_without_trailing_slash,../repos/requests/src/requests/api.py
test_session_get_adapter_prefix_without_trailing_slash,../repos/requests/src/requests/adapters.py
test_header_remove_is_case_insensitive,../repos/requests/src/requests/sessions.py
test_header_remove_is_case_insensitive,../repos/requests/src/requests/api.py
test_params_are_merged_case_sensitive,../repos/requests/src/requests/sessions.py
test_params_are_merged_case_sensitive,../repos/requests/src/requests/api.py
test_long_authinfo_in_url,../repos/requests/src/requests/sessions.py
test_long_authinfo_in_url,../repos/requests/src/requests/api.py
test_header_keys_are_native,../repos/requests/src/requests/sessions.py
test_header_keys_are_native,../repos/requests/src/requests/api.py
test_header_validation,../repos/requests/src/requests/sessions.py
test_header_validation,../repos/requests/src/requests/api.py
test_header_value_not_str,../repos/requests/src/requests/sessions.py
test_header_value_not_str,../repos/requests/src/requests/api.py
test_header_no_return_chars,../repos/requests/src/requests/sessions.py
test_header_no_return_chars,../repos/requests/src/requests/api.py
test_header_no_leading_space,../repos/requests/src/requests/sessions.py
test_header_no_leading_space,../repos/requests/src/requests/api.py
test_header_with_subclass_types,../repos/requests/src/requests/sessions.py
test_header_with_subclass_types,../repos/requests/src/requests/api.py
test_can_send_objects_with_files,../repos/requests/src/requests/sessions.py
test_can_send_objects_with_files,../repos/requests/src/requests/api.py
test_can_send_file_object_with_non_string_filename,../repos/requests/src/requests/sessions.py
test_can_send_file_object_with_non_string_filename,../repos/requests/src/requests/api.py
test_autoset_header_values_are_native,../repos/requests/src/requests/sessions.py
test_autoset_header_values_are_native,../repos/requests/src/requests/api.py
test_nonhttp_schemes_dont_check_URLs,../repos/requests/src/requests/sessions.py
test_nonhttp_schemes_dont_check_URLs,../repos/requests/src/requests/api.py
test_auth_is_stripped_on_http_downgrade,../repos/requests/src/requests/sessions.py
test_auth_is_stripped_on_http_downgrade,../repos/requests/src/requests/api.py
test_auth_is_retained_for_redirect_on_host,../repos/requests/src/requests/sessions.py
test_auth_is_retained_for_redirect_on_host,../repos/requests/src/requests/api.py
test_should_strip_auth_host_change,../repos/requests/src/requests/sessions.py
test_should_strip_auth_host_change,../repos/requests/src/requests/api.py
test_should_strip_auth_http_downgrade,../repos/requests/src/requests/sessions.py
test_should_strip_auth_http_downgrade,../repos/requests/src/requests/api.py
test_should_strip_auth_https_upgrade,../repos/requests/src/requests/sessions.py
test_should_strip_auth_https_upgrade,../repos/requests/src/requests/api.py
test_should_strip_auth_port_change,../repos/requests/src/requests/sessions.py
test_should_strip_auth_port_change,../repos/requests/src/requests/api.py
test_should_strip_auth_default_port,../repos/requests/src/requests/sessions.py
test_should_strip_auth_default_port,../repos/requests/src/requests/api.py
test_manual_redirect_with_partial_body_read,../repos/requests/src/requests/sessions.py
test_manual_redirect_with_partial_body_read,../repos/requests/src/requests/api.py
test_prepare_body_position_non_stream,../repos/requests/src/requests/sessions.py
test_prepare_body_position_non_stream,../repos/requests/src/requests/api.py
test_rewind_body,../repos/requests/src/requests/sessions.py
test_rewind_body,../repos/requests/src/requests/api.py
test_rewind_partially_read_body,../repos/requests/src/requests/sessions.py
test_rewind_partially_read_body,../repos/requests/src/requests/api.py
test_rewind_body_no_seek,../repos/requests/src/requests/sessions.py
test_rewind_body_no_seek,../repos/requests/src/requests/api.py
test_rewind_body_failed_seek,../repos/requests/src/requests/sessions.py
test_rewind_body_failed_seek,../repos/requests/src/requests/api.py
test_rewind_body_failed_tell,../repos/requests/src/requests/sessions.py
test_rewind_body_failed_tell,../repos/requests/src/requests/api.py
test_redirect_with_wrong_gzipped_header,../repos/requests/src/requests/sessions.py
test_redirect_with_wrong_gzipped_header,../repos/requests/src/requests/api.py
test_basic_auth_str_is_always_native,../repos/requests/src/requests/auth.py
test_requests_history_is_saved,../repos/requests/src/requests/sessions.py
test_requests_history_is_saved,../repos/requests/src/requests/api.py
test_json_param_post_content_type_works,../repos/requests/src/requests/sessions.py
test_json_param_post_content_type_works,../repos/requests/src/requests/api.py
test_json_param_post_should_not_override_data_param,../repos/requests/src/requests/sessions.py
test_json_param_post_should_not_override_data_param,../repos/requests/src/requests/api.py
test_response_iter_lines,../repos/requests/src/requests/sessions.py
test_response_iter_lines,../repos/requests/src/requests/api.py
test_response_context_manager,../repos/requests/src/requests/sessions.py
test_response_context_manager,../repos/requests/src/requests/api.py
test_unconsumed_session_response_closes_connection,../repos/requests/src/requests/sessions.py
test_unconsumed_session_response_closes_connection,../repos/requests/src/requests/api.py
test_response_iter_lines_reentrant,../repos/requests/src/requests/sessions.py
test_response_iter_lines_reentrant,../repos/requests/src/requests/api.py
test_session_close_proxy_clear,../repos/requests/src/requests/sessions.py
test_session_close_proxy_clear,../repos/requests/src/requests/api.py
test_proxy_auth,../repos/requests/src/requests/adapters.py
test_proxy_auth_empty_pass,../repos/requests/src/requests/adapters.py
test_response_json_when_content_is_None,../repos/requests/src/requests/sessions.py
test_response_json_when_content_is_None,../repos/requests/src/requests/api.py
test_response_without_release_conn,../repos/requests/src/requests/sessions.py
test_response_without_release_conn,../repos/requests/src/requests/compat.py
test_response_without_release_conn,../repos/requests/src/requests/api.py
test_empty_stream_with_auth_does_not_set_content_length_header,../repos/requests/src/requests/sessions.py
test_empty_stream_with_auth_does_not_set_content_length_header,../repos/requests/src/requests/api.py
test_stream_with_auth_does_not_set_transfer_encoding_header,../repos/requests/src/requests/sessions.py
test_stream_with_auth_does_not_set_transfer_encoding_header,../repos/requests/src/requests/api.py
test_chunked_upload_does_not_set_content_length_header,../repos/requests/src/requests/sessions.py
test_chunked_upload_does_not_set_content_length_header,../repos/requests/src/requests/api.py
test_custom_redirect_mixin,../repos/requests/src/requests/models.py
test_init,../repos/requests/src/requests/structures.py
test_docstring_example,../repos/requests/src/requests/structures.py
test_len,../repos/requests/src/requests/structures.py
test_getitem,../repos/requests/src/requests/structures.py
test_fixes_649,../repos/requests/src/requests/structures.py
test_delitem,../repos/requests/src/requests/structures.py
test_contains,../repos/requests/src/requests/structures.py
test_get,../repos/requests/src/requests/structures.py
test_update,../repos/requests/src/requests/structures.py
test_update_retains_unchanged,../repos/requests/src/requests/structures.py
test_iter,../repos/requests/src/requests/structures.py
test_equality,../repos/requests/src/requests/structures.py
test_setdefault,../repos/requests/src/requests/structures.py
test_lower_items,../repos/requests/src/requests/structures.py
test_preserve_key_case,../repos/requests/src/requests/structures.py
test_preserve_last_key_case,../repos/requests/src/requests/structures.py
test_copy,../repos/requests/src/requests/structures.py
test_expires_valid_str,../repos/requests/src/requests/compat.py
test_expires_valid_str,../repos/requests/src/requests/cookies.py
test_expires_invalid_int,../repos/requests/src/requests/compat.py
test_expires_invalid_int,../repos/requests/src/requests/cookies.py
test_expires_none,../repos/requests/src/requests/compat.py
test_expires_none,../repos/requests/src/requests/cookies.py
test_max_age_valid_int,../repos/requests/src/requests/compat.py
test_max_age_valid_int,../repos/requests/src/requests/cookies.py
test_max_age_invalid_str,../repos/requests/src/requests/compat.py
test_max_age_invalid_str,../repos/requests/src/requests/cookies.py
test_stream_timeout,../repos/requests/src/requests/sessions.py
test_stream_timeout,../repos/requests/src/requests/api.py
test_invalid_timeout,../repos/requests/src/requests/sessions.py
test_invalid_timeout,../repos/requests/src/requests/api.py
test_none_timeout,../repos/requests/src/requests/sessions.py
test_none_timeout,../repos/requests/src/requests/api.py
test_read_timeout,../repos/requests/src/requests/sessions.py
test_read_timeout,../repos/requests/src/requests/api.py
test_connect_timeout,../repos/requests/src/requests/sessions.py
test_connect_timeout,../repos/requests/src/requests/api.py
test_total_timeout_connect,../repos/requests/src/requests/sessions.py
test_total_timeout_connect,../repos/requests/src/requests/api.py
test_encoded_methods,../repos/requests/src/requests/sessions.py
test_encoded_methods,../repos/requests/src/requests/api.py
test_preparing_url,../repos/requests/src/requests/sessions.py
test_preparing_url,../repos/requests/src/requests/api.py
test_preparing_bad_url,../repos/requests/src/requests/sessions.py
test_preparing_bad_url,../repos/requests/src/requests/api.py
test_redirecting_to_bad_url,../repos/requests/src/requests/sessions.py
test_redirecting_to_bad_url,../repos/requests/src/requests/api.py
test_url_mutation,../repos/requests/src/requests/sessions.py
test_url_mutation,../repos/requests/src/requests/api.py
test_parameters_for_nonstandard_schemes,../repos/requests/src/requests/sessions.py
test_parameters_for_nonstandard_schemes,../repos/requests/src/requests/api.py
test_post_json_nan,../repos/requests/src/requests/sessions.py
test_post_json_nan,../repos/requests/src/requests/api.py
test_json_decode_compatibility,../repos/requests/src/requests/sessions.py
test_json_decode_compatibility,../repos/requests/src/requests/api.py
test_json_decode_persists_doc_attr,../repos/requests/src/requests/sessions.py
test_json_decode_persists_doc_attr,../repos/requests/src/requests/api.py
test_status_code_425,../repos/requests/src/requests/sessions.py
test_status_code_425,../repos/requests/src/requests/api.py
test_different_connection_pool_for_tls_settings_verify_True,../repos/requests/src/requests/sessions.py
test_different_connection_pool_for_tls_settings_verify_True,../repos/requests/src/requests/api.py
test_different_connection_pool_for_tls_settings_verify_bundle_expired_cert,../repos/requests/src/requests/sessions.py
test_different_connection_pool_for_tls_settings_verify_bundle_expired_cert,../repos/requests/src/requests/api.py
test_different_connection_pool_for_tls_settings_verify_bundle_unexpired_cert,../repos/requests/src/requests/sessions.py
test_different_connection_pool_for_tls_settings_verify_bundle_unexpired_cert,../repos/requests/src/requests/api.py
test_different_connection_pool_for_mtls_settings,../repos/requests/src/requests/sessions.py
test_different_connection_pool_for_mtls_settings,../repos/requests/src/requests/api.py
test_list,UNMAPPED
test_getitem,UNMAPPED
test_delitem,UNMAPPED
test_lower_items,UNMAPPED
test_repr,UNMAPPED
test_copy,UNMAPPED
test_instance_equality,UNMAPPED
test_repr,UNMAPPED
test_getitem,UNMAPPED
test_get,UNMAPPED
test_basic,UNMAPPED
test_server_closes,UNMAPPED
test_text_response,../repos/requests/src/requests/sessions.py
test_text_response,../repos/requests/src/requests/api.py
test_basic_response,../repos/requests/src/requests/sessions.py
test_basic_response,../repos/requests/src/requests/api.py
test_basic_waiting_server,UNMAPPED
test_multiple_requests,../repos/requests/src/requests/sessions.py
test_multiple_requests,../repos/requests/src/requests/api.py
test_request_recovery,UNMAPPED
test_requests_after_timeout_are_not_received,UNMAPPED
test_request_recovery_with_bigger_timeout,UNMAPPED
test_server_finishes_on_error,UNMAPPED
test_server_finishes_when_no_connections,UNMAPPED
test_get_auth_from_url,../repos/requests/src/requests/utils.py
test_requote_uri_with_unquoted_percents,../repos/requests/src/requests/utils.py
test_unquote_unreserved,../repos/requests/src/requests/utils.py
test_dotted_netmask,../repos/requests/src/requests/utils.py
test_select_proxies,../repos/requests/src/requests/utils.py
test_parse_dict_header,../repos/requests/src/requests/utils.py
test__parse_content_type_header,../repos/requests/src/requests/utils.py
test_get_encoding_from_headers,../repos/requests/src/requests/structures.py
test_get_encoding_from_headers,../repos/requests/src/requests/utils.py
test_iter_slices,../repos/requests/src/requests/utils.py
test_parse_header_links,../repos/requests/src/requests/utils.py
test_prepend_scheme_if_needed,../repos/requests/src/requests/utils.py
test_to_native_string,../repos/requests/src/requests/utils.py
test_urldefragauth,../repos/requests/src/requests/utils.py
test_should_bypass_proxies,../repos/requests/src/requests/utils.py
test_should_bypass_proxies_pass_only_hostname,../repos/requests/src/requests/utils.py
test_add_dict_to_cookiejar,../repos/requests/src/requests/compat.py
test_add_dict_to_cookiejar,../repos/requests/src/requests/utils.py
test_add_dict_to_cookiejar,../repos/requests/src/requests/cookies.py
test_unicode_is_ascii,../repos/requests/src/requests/_internal_utils.py
test_should_bypass_proxies_no_proxy,../repos/requests/src/requests/utils.py
test_should_bypass_proxies_win_registry,../repos/requests/src/requests/utils.py
test_should_bypass_proxies_win_registry_bad_values,../repos/requests/src/requests/utils.py
test_set_environ,../repos/requests/src/requests/utils.py
test_set_environ_raises_exception,../repos/requests/src/requests/utils.py
test_should_bypass_proxies_win_registry_ProxyOverride_value,../repos/requests/src/requests/utils.py
test_io_streams,../repos/requests/src/requests/utils.py
test_super_len_correctly_calculates_len_of_partially_read_file,../repos/requests/src/requests/compat.py
test_super_len_correctly_calculates_len_of_partially_read_file,../repos/requests/src/requests/utils.py
test_super_len_handles_files_raising_weird_errors_in_tell,../repos/requests/src/requests/utils.py
test_super_len_tell_ioerror,../repos/requests/src/requests/utils.py
test_string,../repos/requests/src/requests/utils.py
test_file,../repos/requests/src/requests/utils.py
test_tarfile_member,../repos/requests/src/requests/utils.py
test_super_len_with__len__,../repos/requests/src/requests/utils.py
test_super_len_with_no__len__,../repos/requests/src/requests/utils.py
test_super_len_with_tell,../repos/requests/src/requests/compat.py
test_super_len_with_tell,../repos/requests/src/requests/utils.py
test_super_len_with_fileno,../repos/requests/src/requests/utils.py
test_super_len_with_no_matches,../repos/requests/src/requests/utils.py
test_works,../repos/requests/src/requests/utils.py
test_not_vulnerable_to_bad_url_parsing,../repos/requests/src/requests/utils.py
test_empty_default_credentials_ignored,../repos/requests/src/requests/utils.py
test_valid,../repos/requests/src/requests/utils.py
test_invalid,../repos/requests/src/requests/utils.py
test_valid,../repos/requests/src/requests/utils.py
test_is_filename,../repos/requests/src/requests/utils.py
test_bypass,../repos/requests/src/requests/utils.py
test_not_bypass,../repos/requests/src/requests/utils.py
test_bypass_no_proxy_keyword,../repos/requests/src/requests/utils.py
test_not_bypass_no_proxy_keyword,../repos/requests/src/requests/utils.py
test_valid,../repos/requests/src/requests/utils.py
test_invalid,../repos/requests/src/requests/utils.py
test_valid,../repos/requests/src/requests/utils.py
test_invalid,../repos/requests/src/requests/utils.py
test_valid,../repos/requests/src/requests/utils.py
test_invalid,../repos/requests/src/requests/utils.py
test_guess_filename_invalid,../repos/requests/src/requests/utils.py
test_guess_filename_valid,../repos/requests/src/requests/utils.py
test_unzipped_paths_unchanged,../repos/requests/src/requests/utils.py
test_zipped_paths_extracted,../repos/requests/src/requests/utils.py
test_invalid_unc_path,../repos/requests/src/requests/utils.py
test_none,../repos/requests/src/requests/utils.py
test_pragmas,../repos/requests/src/requests/utils.py
test_precedence,../repos/requests/src/requests/utils.py
test_encoded,../repos/requests/src/requests/utils.py
test_bad_utf_like_encoding,../repos/requests/src/requests/utils.py
test_guess_by_bom,../repos/requests/src/requests/utils.py
test_basic_url_generation,../repos/flask/src/flask/sessions.py
test_basic_url_generation,../repos/flask/src/flask/sansio/app.py
test_url_generation_requires_server_name,../repos/flask/src/flask/sessions.py
test_url_generation_requires_server_name,../repos/flask/src/flask/sansio/app.py
test_url_generation_without_context_fails,../repos/flask/src/flask/sessions.py
test_request_context_means_app_context,../repos/flask/src/flask/sessions.py
test_request_context_means_app_context,../repos/flask/src/flask/sansio/app.py
test_app_context_provides_current_app,../repos/flask/src/flask/sessions.py
test_app_context_provides_current_app,../repos/flask/src/flask/sansio/app.py
test_app_tearing_down,../repos/flask/src/flask/sansio/app.py
test_app_tearing_down_with_previous_exception,../repos/flask/src/flask/sansio/app.py
test_app_tearing_down_with_handled_exception_by_except_block,../repos/flask/src/flask/sansio/app.py
test_app_tearing_down_with_handled_exception_by_app_handler,../repos/flask/src/flask/sessions.py
test_app_tearing_down_with_handled_exception_by_app_handler,../repos/flask/src/flask/sansio/app.py
test_app_tearing_down_with_unhandled_exception,../repos/flask/src/flask/sansio/app.py
test_app_ctx_globals_methods,../repos/flask/src/flask/sessions.py
test_custom_app_ctx_globals_class,../repos/flask/src/flask/sessions.py
test_custom_app_ctx_globals_class,../repos/flask/src/flask/sansio/app.py
test_context_refcounts,../repos/flask/src/flask/sansio/app.py
test_clean_pop,../repos/flask/src/flask/sansio/app.py
test_robust_teardown,../repos/flask/src/flask/sessions.py
test_robust_teardown,../repos/flask/src/flask/sansio/app.py
test_async_route,UNMAPPED
test_async_error_handler,UNMAPPED
test_async_before_after_request,../repos/flask/src/flask/sansio/app.py
test_options_work,../repos/flask/src/flask/sansio/app.py
test_options_on_multiple_rules,../repos/flask/src/flask/sansio/app.py
test_method_route,UNMAPPED
test_method_route_no_methods,../repos/flask/src/flask/sansio/app.py
test_provide_automatic_options_attr_disable,../repos/flask/src/flask/sansio/app.py
test_provide_automatic_options_attr_enable,../repos/flask/src/flask/sansio/app.py
test_provide_automatic_options_arg_disable,../repos/flask/src/flask/sansio/app.py
test_provide_automatic_options_method_disable,../repos/flask/src/flask/sansio/app.py
test_request_dispatching,../repos/flask/src/flask/sansio/app.py
test_disallow_string_for_allowed_methods,../repos/flask/src/flask/sansio/app.py
test_url_mapping,../repos/flask/src/flask/sansio/app.py
test_werkzeug_routing,../repos/flask/src/flask/sansio/app.py
test_endpoint_decorator,../repos/flask/src/flask/sansio/app.py
test_session_accessed,../repos/flask/src/flask/sessions.py
test_session_accessed,../repos/flask/src/flask/sansio/app.py
test_session_path,../repos/flask/src/flask/sansio/app.py
test_session_using_application_root,../repos/flask/src/flask/sansio/app.py
test_session_using_session_settings,../repos/flask/src/flask/sessions.py
test_session_using_session_settings,../repos/flask/src/flask/sansio/app.py
test_session_using_samesite_attribute,../repos/flask/src/flask/sansio/app.py
test_missing_session,../repos/flask/src/flask/sessions.py
test_missing_session,../repos/flask/src/flask/sansio/app.py
test_session_secret_key_fallbacks,../repos/flask/src/flask/sansio/app.py
test_session_expiration,../repos/flask/src/flask/sansio/app.py
test_session_stored_last,../repos/flask/src/flask/sessions.py
test_session_stored_last,../repos/flask/src/flask/sansio/app.py
test_session_special_types,../repos/flask/src/flask/sansio/app.py
test_session_cookie_setting,../repos/flask/src/flask/sessions.py
test_session_cookie_setting,../repos/flask/src/flask/sansio/app.py
test_session_vary_cookie,../repos/flask/src/flask/sessions.py
test_session_vary_cookie,../repos/flask/src/flask/sansio/app.py
test_session_refresh_vary,../repos/flask/src/flask/sansio/app.py
test_flashes,../repos/flask/src/flask/sessions.py
test_extended_flashing,../repos/flask/src/flask/sessions.py
test_extended_flashing,../repos/flask/src/flask/sansio/app.py
test_request_processing,../repos/flask/src/flask/sansio/app.py
test_request_preprocessing_early_return,../repos/flask/src/flask/sansio/app.py
test_after_request_processing,../repos/flask/src/flask/sansio/app.py
test_teardown_request_handler,../repos/flask/src/flask/sansio/app.py
test_teardown_request_handler_debug_mode,../repos/flask/src/flask/sansio/app.py
test_teardown_request_handler_error,../repos/flask/src/flask/sansio/app.py
test_before_after_request_order,../repos/flask/src/flask/sansio/app.py
test_error_handling,../repos/flask/src/flask/sessions.py
test_error_handling,../repos/flask/src/flask/sansio/app.py
test_error_handling_processing,../repos/flask/src/flask/sansio/app.py
test_baseexception_error_handling,../repos/flask/src/flask/sansio/app.py
test_before_request_and_routing_errors,../repos/flask/src/flask/sansio/app.py
test_user_error_handling,../repos/flask/src/flask/sansio/app.py
test_http_error_subclass_handling,../repos/flask/src/flask/sessions.py
test_http_error_subclass_handling,../repos/flask/src/flask/sansio/app.py
test_errorhandler_precedence,../repos/flask/src/flask/sansio/app.py
test_trap_bad_request_key_error,../repos/flask/src/flask/sessions.py
test_trap_bad_request_key_error,../repos/flask/src/flask/sansio/app.py
test_trapping_of_all_http_exceptions,../repos/flask/src/flask/sessions.py
test_trapping_of_all_http_exceptions,../repos/flask/src/flask/sansio/app.py
test_error_handler_after_processor_error,../repos/flask/src/flask/sansio/app.py
test_enctype_debug_helper,../repos/flask/src/flask/sansio/app.py
test_response_types,../repos/flask/src/flask/sessions.py
test_response_types,../repos/flask/src/flask/sansio/app.py
test_response_type_errors,../repos/flask/src/flask/sessions.py
test_response_type_errors,../repos/flask/src/flask/sansio/app.py
test_make_response,../repos/flask/src/flask/sessions.py
test_make_response_with_response_instance,../repos/flask/src/flask/sessions.py
test_jsonify_no_prettyprint,../repos/flask/src/flask/sansio/app.py
test_jsonify_mimetype,../repos/flask/src/flask/sessions.py
test_json_dump_dataclass,../repos/flask/src/flask/sansio/app.py
test_jsonify_args_and_kwargs_check,../repos/flask/src/flask/sessions.py
test_url_generation,../repos/flask/src/flask/sessions.py
test_url_generation,../repos/flask/src/flask/sansio/app.py
test_build_error_handler,../repos/flask/src/flask/sessions.py
test_build_error_handler,../repos/flask/src/flask/sansio/app.py
test_build_error_handler_reraise,../repos/flask/src/flask/sansio/app.py
test_url_for_passes_special_values_to_build_error_handler,../repos/flask/src/flask/sessions.py
test_url_for_passes_special_values_to_build_error_handler,../repos/flask/src/flask/sansio/app.py
test_static_files,../repos/flask/src/flask/sessions.py
test_static_files,../repos/flask/src/flask/sansio/app.py
test_static_url_path,../repos/flask/src/flask/sessions.py
test_static_url_path,../repos/flask/src/flask/sansio/app.py
test_static_url_path_with_ending_slash,../repos/flask/src/flask/sessions.py
test_static_url_path_with_ending_slash,../repos/flask/src/flask/sansio/app.py
test_static_url_empty_path,../repos/flask/src/flask/sessions.py
test_static_url_empty_path,../repos/flask/src/flask/sansio/app.py
test_static_url_empty_path_default,../repos/flask/src/flask/sessions.py
test_static_url_empty_path_default,../repos/flask/src/flask/sansio/app.py
test_static_folder_with_pathlib_path,../repos/flask/src/flask/sessions.py
test_static_folder_with_pathlib_path,../repos/flask/src/flask/sansio/app.py
test_static_folder_with_ending_slash,../repos/flask/src/flask/sessions.py
test_static_folder_with_ending_slash,../repos/flask/src/flask/sansio/app.py
test_static_route_with_host_matching,../repos/flask/src/flask/sessions.py
test_static_route_with_host_matching,../repos/flask/src/flask/sansio/app.py
test_request_locals,UNMAPPED
test_server_name_matching,../repos/flask/src/flask/sessions.py
test_server_name_matching,../repos/flask/src/flask/sansio/app.py
test_server_name_subdomain,../repos/flask/src/flask/sessions.py
test_server_name_subdomain,../repos/flask/src/flask/sansio/app.py
test_exception_propagation,../repos/flask/src/flask/sansio/app.py
test_werkzeug_passthrough_errors,../repos/flask/src/flask/sansio/app.py
test_url_processors,../repos/flask/src/flask/sessions.py
test_url_processors,../repos/flask/src/flask/sansio/app.py
test_inject_blueprint_url_defaults,../repos/flask/src/flask/sessions.py
test_inject_blueprint_url_defaults,../repos/flask/src/flask/sansio/app.py
test_nonascii_pathinfo,../repos/flask/src/flask/sansio/app.py
test_no_setup_after_first_request,../repos/flask/src/flask/sansio/app.py
test_routing_redirect_debugging,../repos/flask/src/flask/sansio/app.py
test_route_decorator_custom_endpoint,../repos/flask/src/flask/sessions.py
test_route_decorator_custom_endpoint,../repos/flask/src/flask/sansio/app.py
test_get_method_on_g,../repos/flask/src/flask/sessions.py
test_g_iteration_protocol,UNMAPPED
test_subdomain_basic_support,../repos/flask/src/flask/sessions.py
test_subdomain_basic_support,../repos/flask/src/flask/sansio/app.py
test_subdomain_matching,../repos/flask/src/flask/sessions.py
test_subdomain_matching,../repos/flask/src/flask/sansio/app.py
test_subdomain_matching_with_ports,../repos/flask/src/flask/sessions.py
test_subdomain_matching_with_ports,../repos/flask/src/flask/sansio/app.py
test_subdomain_matching_other_name,../repos/flask/src/flask/sessions.py
test_subdomain_matching_other_name,../repos/flask/src/flask/sansio/app.py
test_multi_route_rules,../repos/flask/src/flask/sansio/app.py
test_multi_route_class_views,../repos/flask/src/flask/sansio/app.py
test_run_defaults,../repos/flask/src/flask/sansio/app.py
test_run_server_port,../repos/flask/src/flask/sansio/app.py
test_run_from_config,../repos/flask/src/flask/sansio/app.py
test_max_cookie_size,../repos/flask/src/flask/sessions.py
test_max_cookie_size,../repos/flask/src/flask/sansio/app.py
test_app_freed_on_zero_refcount,../repos/flask/src/flask/sessions.py
test,../repos/flask/src/flask/sansio/app.py
test,../repos/flask/src/flask/sessions.py
test,../repos/flask/src/flask/sansio/app.py
test_with_categories,../repos/flask/src/flask/sessions.py
test_with_categories,../repos/flask/src/flask/sansio/app.py
test_filter,../repos/flask/src/flask/sessions.py
test_filter,../repos/flask/src/flask/sansio/app.py
test_filters,../repos/flask/src/flask/sessions.py
test_filters,../repos/flask/src/flask/sansio/app.py
test_filters2,../repos/flask/src/flask/sessions.py
test_filters2,../repos/flask/src/flask/sansio/app.py
test_index,../repos/flask/src/flask/sansio/app.py
test_blueprint_specific_error_handling,../repos/flask/src/flask/sessions.py
test_blueprint_specific_error_handling,../repos/flask/src/flask/sansio/app.py
test_blueprint_specific_user_error_handling,../repos/flask/src/flask/sessions.py
test_blueprint_specific_user_error_handling,../repos/flask/src/flask/sansio/app.py
test_blueprint_app_error_handling,../repos/flask/src/flask/sessions.py
test_blueprint_app_error_handling,../repos/flask/src/flask/sansio/app.py
test_blueprint_prefix_slash,../repos/flask/src/flask/sessions.py
test_blueprint_prefix_slash,../repos/flask/src/flask/sansio/app.py
test_blueprint_url_defaults,../repos/flask/src/flask/sessions.py
test_blueprint_url_defaults,../repos/flask/src/flask/sansio/app.py
test_blueprint_url_processors,../repos/flask/src/flask/sessions.py
test_blueprint_url_processors,../repos/flask/src/flask/sansio/app.py
test_templates_and_static,../repos/flask/src/flask/sessions.py
test_templates_and_static,../repos/flask/src/flask/sansio/app.py
test_default_static_max_age,../repos/flask/src/flask/sansio/app.py
test_templates_list,../repos/flask/src/flask/sansio/app.py
test_dotted_name_not_allowed,../repos/flask/src/flask/sessions.py
test_empty_name_not_allowed,../repos/flask/src/flask/sessions.py
test_dotted_names_from_app,../repos/flask/src/flask/sessions.py
test_dotted_names_from_app,../repos/flask/src/flask/sansio/app.py
test_empty_url_defaults,../repos/flask/src/flask/sessions.py
test_empty_url_defaults,../repos/flask/src/flask/sansio/app.py
test_route_decorator_custom_endpoint,../repos/flask/src/flask/sessions.py
test_route_decorator_custom_endpoint,../repos/flask/src/flask/sansio/app.py
test_route_decorator_custom_endpoint_with_dots,../repos/flask/src/flask/sessions.py
test_endpoint_decorator,../repos/flask/src/flask/sessions.py
test_endpoint_decorator,../repos/flask/src/flask/sansio/app.py
test_template_filter,../repos/flask/src/flask/sessions.py
test_template_filter,../repos/flask/src/flask/sansio/app.py
test_add_template_filter,../repos/flask/src/flask/sessions.py
test_add_template_filter,../repos/flask/src/flask/sansio/app.py
test_template_filter_with_name,../repos/flask/src/flask/sessions.py
test_template_filter_with_name,../repos/flask/src/flask/sansio/app.py
test_add_template_filter_with_name,../repos/flask/src/flask/sessions.py
test_add_template_filter_with_name,../repos/flask/src/flask/sansio/app.py
test_template_filter_with_template,../repos/flask/src/flask/sessions.py
test_template_filter_with_template,../repos/flask/src/flask/sansio/app.py
test_template_filter_after_route_with_template,../repos/flask/src/flask/sessions.py
test_template_filter_after_route_with_template,../repos/flask/src/flask/sansio/app.py
test_add_template_filter_with_template,../repos/flask/src/flask/sessions.py
test_add_template_filter_with_template,../repos/flask/src/flask/sansio/app.py
test_template_filter_with_name_and_template,../repos/flask/src/flask/sessions.py
test_template_filter_with_name_and_template,../repos/flask/src/flask/sansio/app.py
test_add_template_filter_with_name_and_template,../repos/flask/src/flask/sessions.py
test_add_template_filter_with_name_and_template,../repos/flask/src/flask/sansio/app.py
test_template_test,../repos/flask/src/flask/sessions.py
test_template_test,../repos/flask/src/flask/sansio/app.py
test_add_template_test,../repos/flask/src/flask/sessions.py
test_add_template_test,../repos/flask/src/flask/sansio/app.py
test_template_test_with_name,../repos/flask/src/flask/sessions.py
test_template_test_with_name,../repos/flask/src/flask/sansio/app.py
test_add_template_test_with_name,../repos/flask/src/flask/sessions.py
test_add_template_test_with_name,../repos/flask/src/flask/sansio/app.py
test_template_test_with_template,../repos/flask/src/flask/sessions.py
test_template_test_with_template,../repos/flask/src/flask/sansio/app.py
test_template_test_after_route_with_template,../repos/flask/src/flask/sessions.py
test_template_test_after_route_with_template,../repos/flask/src/flask/sansio/app.py
test_add_template_test_with_template,../repos/flask/src/flask/sessions.py
test_add_template_test_with_template,../repos/flask/src/flask/sansio/app.py
test_template_test_with_name_and_template,../repos/flask/src/flask/sessions.py
test_template_test_with_name_and_template,../repos/flask/src/flask/sansio/app.py
test_add_template_test_with_name_and_template,../repos/flask/src/flask/sessions.py
test_add_template_test_with_name_and_template,../repos/flask/src/flask/sansio/app.py
test_context_processing,../repos/flask/src/flask/sessions.py
test_context_processing,../repos/flask/src/flask/sansio/app.py
test_template_global,../repos/flask/src/flask/sessions.py
test_template_global,../repos/flask/src/flask/sansio/app.py
test_request_processing,../repos/flask/src/flask/sessions.py
test_request_processing,../repos/flask/src/flask/sansio/app.py
test_app_request_processing,../repos/flask/src/flask/sessions.py
test_app_request_processing,../repos/flask/src/flask/sansio/app.py
test_app_url_processors,../repos/flask/src/flask/sessions.py
test_app_url_processors,../repos/flask/src/flask/sansio/app.py
test_nested_blueprint,../repos/flask/src/flask/sessions.py
test_nested_blueprint,../repos/flask/src/flask/sansio/app.py
test_nested_callback_order,../repos/flask/src/flask/sessions.py
test_nested_callback_order,../repos/flask/src/flask/sansio/app.py
test_nesting_url_prefixes,../repos/flask/src/flask/sessions.py
test_nesting_url_prefixes,../repos/flask/src/flask/sansio/app.py
test_nesting_subdomains,../repos/flask/src/flask/sessions.py
test_nesting_subdomains,../repos/flask/src/flask/sansio/app.py
test_child_and_parent_subdomain,../repos/flask/src/flask/sessions.py
test_child_and_parent_subdomain,../repos/flask/src/flask/sansio/app.py
test_unique_blueprint_names,../repos/flask/src/flask/sessions.py
test_unique_blueprint_names,../repos/flask/src/flask/sansio/app.py
test_self_registration,../repos/flask/src/flask/sessions.py
test_blueprint_renaming,../repos/flask/src/flask/sessions.py
test_blueprint_renaming,../repos/flask/src/flask/sansio/app.py
test_cli_name,UNMAPPED
test_find_best_app,../repos/flask/src/flask/cli.py
test_prepare_import,../repos/flask/src/flask/cli.py
test_locate_app,../repos/flask/src/flask/cli.py
test_locate_app_raises,../repos/flask/src/flask/cli.py
test_locate_app_suppress_raise,../repos/flask/src/flask/cli.py
test_get_version,../repos/flask/src/flask/cli.py
test_scriptinfo,../repos/flask/src/flask/cli.py
test_app_cli_has_app_context,../repos/flask/src/flask/cli.py
test_app_cli_has_app_context,../repos/flask/src/flask/sansio/app.py
test_with_appcontext,../repos/flask/src/flask/cli.py
test_appgroup_app_context,../repos/flask/src/flask/cli.py
test_flaskgroup_app_context,../repos/flask/src/flask/cli.py
test_flaskgroup_debug,../repos/flask/src/flask/cli.py
test_flaskgroup_nested,../repos/flask/src/flask/cli.py
test_no_command_echo_loading_error,../repos/flask/src/flask/testing.py
test_help_echo_loading_error,../repos/flask/src/flask/testing.py
test_help_echo_exception,../repos/flask/src/flask/testing.py
test_help_echo_exception,../repos/flask/src/flask/cli.py
test_load_dotenv,../repos/flask/src/flask/cli.py
test_dotenv_path,../repos/flask/src/flask/cli.py
test_dotenv_optional,../repos/flask/src/flask/cli.py
test_disable_dotenv_from_env,../repos/flask/src/flask/cli.py
test_run_cert_path,../repos/flask/src/flask/cli.py
test_run_cert_adhoc,../repos/flask/src/flask/cli.py
test_run_cert_import,../repos/flask/src/flask/cli.py
test_run_cert_no_ssl,../repos/flask/src/flask/cli.py
test_cli_blueprints,../repos/flask/src/flask/sansio/app.py
test_cli_empty,../repos/flask/src/flask/sansio/app.py
test_run_exclude_patterns,../repos/flask/src/flask/cli.py
testcmd,UNMAPPED
test,../repos/flask/src/flask/cli.py
test2,UNMAPPED
test,../repos/flask/src/flask/cli.py
test,../repos/flask/src/flask/cli.py
test_simple,UNMAPPED
test_sort,../repos/flask/src/flask/sansio/app.py
test_all_methods,UNMAPPED
test_no_routes,../repos/flask/src/flask/cli.py
test_subdomain,../repos/flask/src/flask/cli.py
test_subdomain,../repos/flask/src/flask/sansio/app.py
test_host,../repos/flask/src/flask/cli.py
test_host,../repos/flask/src/flask/sansio/app.py
test_config_from_pyfile,../repos/flask/src/flask/sessions.py
test_config_from_pyfile,../repos/flask/src/flask/sansio/app.py
test_config_from_object,../repos/flask/src/flask/sessions.py
test_config_from_object,../repos/flask/src/flask/sansio/app.py
test_config_from_file_json,../repos/flask/src/flask/sessions.py
test_config_from_file_json,../repos/flask/src/flask/sansio/app.py
test_config_from_file_toml,../repos/flask/src/flask/sessions.py
test_config_from_file_toml,../repos/flask/src/flask/sansio/app.py
test_from_prefixed_env,../repos/flask/src/flask/sessions.py
test_from_prefixed_env,../repos/flask/src/flask/sansio/app.py
test_from_prefixed_env_custom_prefix,../repos/flask/src/flask/sessions.py
test_from_prefixed_env_custom_prefix,../repos/flask/src/flask/sansio/app.py
test_from_prefixed_env_nested,../repos/flask/src/flask/sessions.py
test_from_prefixed_env_nested,../repos/flask/src/flask/sansio/app.py
test_config_from_mapping,../repos/flask/src/flask/sessions.py
test_config_from_mapping,../repos/flask/src/flask/sansio/app.py
test_config_from_class,../repos/flask/src/flask/sessions.py
test_config_from_class,../repos/flask/src/flask/sansio/app.py
test_config_from_envvar,../repos/flask/src/flask/sessions.py
test_config_from_envvar,../repos/flask/src/flask/sansio/app.py
test_config_from_envvar_missing,../repos/flask/src/flask/sessions.py
test_config_from_envvar_missing,../repos/flask/src/flask/sansio/app.py
test_config_missing,../repos/flask/src/flask/sessions.py
test_config_missing,../repos/flask/src/flask/sansio/app.py
test_config_missing_file,../repos/flask/src/flask/sessions.py
test_config_missing_file,../repos/flask/src/flask/sansio/app.py
test_custom_config_class,../repos/flask/src/flask/sansio/app.py
test_session_lifetime,../repos/flask/src/flask/sessions.py
test_get_namespace,../repos/flask/src/flask/sessions.py
test_get_namespace,../repos/flask/src/flask/sansio/app.py
test_from_pyfile_weird_encoding,../repos/flask/src/flask/sessions.py
test_from_pyfile_weird_encoding,../repos/flask/src/flask/sansio/app.py
test_custom_converters,../repos/flask/src/flask/sansio/app.py
test_context_available,../repos/flask/src/flask/sansio/app.py
test_redirect_no_app,../repos/flask/src/flask/sessions.py
test_redirect_with_app,../repos/flask/src/flask/sessions.py
test_redirect_with_app,../repos/flask/src/flask/sansio/app.py
test_abort_no_app,../repos/flask/src/flask/sessions.py
test_app_aborter_class,UNMAPPED
test_abort_with_app,../repos/flask/src/flask/sessions.py
test_abort_with_app,../repos/flask/src/flask/sansio/app.py
test_open_resource,../repos/flask/src/flask/sessions.py
test_open_resource,../repos/flask/src/flask/sansio/app.py
test_open_resource_exceptions,../repos/flask/src/flask/sessions.py
test_open_resource_exceptions,../repos/flask/src/flask/sansio/app.py
test_open_resource_with_encoding,../repos/flask/src/flask/sessions.py
test_open_resource_with_encoding,../repos/flask/src/flask/sansio/app.py
test_send_file,../repos/flask/src/flask/sessions.py
test_send_file,../repos/flask/src/flask/sansio/app.py
test_static_file,../repos/flask/src/flask/sessions.py
test_static_file,../repos/flask/src/flask/sansio/app.py
test_send_from_directory,../repos/flask/src/flask/sessions.py
test_url_for_with_anchor,../repos/flask/src/flask/sessions.py
test_url_for_with_anchor,../repos/flask/src/flask/sansio/app.py
test_url_for_with_scheme,../repos/flask/src/flask/sessions.py
test_url_for_with_scheme,../repos/flask/src/flask/sansio/app.py
test_url_for_with_scheme_not_external,../repos/flask/src/flask/sessions.py
test_url_for_with_scheme_not_external,../repos/flask/src/flask/sansio/app.py
test_url_for_with_alternating_schemes,../repos/flask/src/flask/sessions.py
test_url_for_with_alternating_schemes,../repos/flask/src/flask/sansio/app.py
test_url_with_method,../repos/flask/src/flask/sessions.py
test_url_with_method,../repos/flask/src/flask/sansio/app.py
test_url_for_with_self,../repos/flask/src/flask/sessions.py
test_url_for_with_self,../repos/flask/src/flask/sansio/app.py
test_name_with_import_error,../repos/flask/src/flask/sessions.py
test_streaming_with_context,../repos/flask/src/flask/sessions.py
test_streaming_with_context,../repos/flask/src/flask/sansio/app.py
test_streaming_with_context_as_decorator,../repos/flask/src/flask/sessions.py
test_streaming_with_context_as_decorator,../repos/flask/src/flask/sansio/app.py
test_streaming_with_context_and_custom_close,../repos/flask/src/flask/sessions.py
test_streaming_with_context_and_custom_close,../repos/flask/src/flask/sansio/app.py
test_stream_keeps_session,../repos/flask/src/flask/sessions.py
test_stream_keeps_session,../repos/flask/src/flask/sansio/app.py
test_async_view,../repos/flask/src/flask/sessions.py
test_async_view,../repos/flask/src/flask/sansio/app.py
test_get_debug_flag,../repos/flask/src/flask/helpers.py
test_make_response,../repos/flask/src/flask/sessions.py
test_make_response,../repos/flask/src/flask/sansio/app.py
test_explicit_instance_paths,../repos/flask/src/flask/sessions.py
test_uninstalled_module_paths,UNMAPPED
test_uninstalled_package_paths,../repos/flask/src/flask/sansio/app.py
test_uninstalled_namespace_paths,UNMAPPED
test_installed_module_paths,UNMAPPED
test_installed_package_paths,../repos/flask/src/flask/sansio/app.py
test_prefix_package_paths,../repos/flask/src/flask/sansio/app.py
test_bad_request_debug_message,../repos/flask/src/flask/sessions.py
test_bad_request_debug_message,../repos/flask/src/flask/sansio/app.py
test_json_bad_requests,../repos/flask/src/flask/sessions.py
test_json_bad_requests,../repos/flask/src/flask/sansio/app.py
test_json_custom_mimetypes,../repos/flask/src/flask/sessions.py
test_json_custom_mimetypes,../repos/flask/src/flask/sansio/app.py
test_json_as_unicode,../repos/flask/src/flask/sansio/app.py
test_json_dump_to_file,../repos/flask/src/flask/sessions.py
test_jsonify_basic_types,../repos/flask/src/flask/sessions.py
test_jsonify_basic_types,../repos/flask/src/flask/sansio/app.py
test_jsonify_dicts,../repos/flask/src/flask/sessions.py
test_jsonify_dicts,../repos/flask/src/flask/sansio/app.py
test_jsonify_arrays,../repos/flask/src/flask/sessions.py
test_jsonify_arrays,../repos/flask/src/flask/sansio/app.py
test_jsonify_datetime,../repos/flask/src/flask/sessions.py
test_jsonify_datetime,../repos/flask/src/flask/sansio/app.py
test_jsonify_aware_datetimes,../repos/flask/src/flask/sessions.py
test_jsonify_uuid_types,../repos/flask/src/flask/sessions.py
test_jsonify_uuid_types,../repos/flask/src/flask/sansio/app.py
test_json_decimal,../repos/flask/src/flask/sessions.py
test_json_attr,../repos/flask/src/flask/sessions.py
test_json_attr,../repos/flask/src/flask/sansio/app.py
test_tojson_filter,../repos/flask/src/flask/sessions.py
test_json_customization,../repos/flask/src/flask/sessions.py
test_json_customization,../repos/flask/src/flask/json/provider.py
test_json_customization,../repos/flask/src/flask/sansio/app.py
test_json_key_sorting,../repos/flask/src/flask/sessions.py
test_json_key_sorting,../repos/flask/src/flask/sansio/app.py
test_html_method,UNMAPPED
test_dump_load_unchanged,../repos/flask/src/flask/json/tag.py
test_duplicate_tag,../repos/flask/src/flask/json/tag.py
test_custom_tag,../repos/flask/src/flask/json/tag.py
test_tag_interface,../repos/flask/src/flask/json/tag.py
test_tag_order,../repos/flask/src/flask/json/tag.py
test_logger,UNMAPPED
test_logger_debug,UNMAPPED
test_existing_handler,../repos/flask/src/flask/logging.py
test_wsgi_errors_stream,../repos/flask/src/flask/logging.py
test_wsgi_errors_stream,../repos/flask/src/flask/sansio/app.py
test_has_level_handler,../repos/flask/src/flask/logging.py
test_log_view_exception,../repos/flask/src/flask/sansio/app.py
test_aborting,../repos/flask/src/flask/sessions.py
test_aborting,../repos/flask/src/flask/sansio/app.py
test,../repos/flask/src/flask/sansio/app.py
test_teardown_on_pop,../repos/flask/src/flask/ctx.py
test_teardown_on_pop,../repos/flask/src/flask/sansio/app.py
test_teardown_with_previous_exception,../repos/flask/src/flask/sansio/app.py
test_teardown_with_handled_exception,../repos/flask/src/flask/sansio/app.py
test_proper_test_request_context,../repos/flask/src/flask/sessions.py
test_proper_test_request_context,../repos/flask/src/flask/sansio/app.py
test_context_binding,../repos/flask/src/flask/sansio/app.py
test_context_test,../repos/flask/src/flask/sessions.py
test_context_test,../repos/flask/src/flask/ctx.py
test_context_test,../repos/flask/src/flask/sansio/app.py
test_manual_context_binding,../repos/flask/src/flask/ctx.py
test_manual_context_binding,../repos/flask/src/flask/sansio/app.py
test_session_error_pops_context,../repos/flask/src/flask/sansio/app.py
test_session_dynamic_cookie_name,../repos/flask/src/flask/sessions.py
test_session_dynamic_cookie_name,../repos/flask/src/flask/sansio/app.py
test_bad_environ_raises_bad_request,../repos/flask/src/flask/sessions.py
test_bad_environ_raises_bad_request,../repos/flask/src/flask/sansio/app.py
test_bad_environ_raises_bad_request,../repos/flask/src/flask/testing.py
test_environ_for_valid_idna_completes,../repos/flask/src/flask/sessions.py
test_environ_for_valid_idna_completes,../repos/flask/src/flask/testing.py
test_environ_for_valid_idna_completes,../repos/flask/src/flask/sansio/app.py
test_normal_environ_completes,../repos/flask/src/flask/sessions.py
test_normal_environ_completes,../repos/flask/src/flask/sansio/app.py
test_greenlet_context_copying,../repos/flask/src/flask/globals.py
test_greenlet_context_copying,../repos/flask/src/flask/sessions.py
test_greenlet_context_copying,../repos/flask/src/flask/sansio/app.py
test_greenlet_context_copying_api,../repos/flask/src/flask/sessions.py
test_greenlet_context_copying_api,../repos/flask/src/flask/sansio/app.py
test_max_content_length,../repos/flask/src/flask/sansio/app.py
test_limit_config,../repos/flask/src/flask/sansio/app.py
test_trusted_hosts_config,../repos/flask/src/flask/sansio/app.py
test_open_session_with_endpoint,../repos/flask/src/flask/globals.py
test_open_session_with_endpoint,../repos/flask/src/flask/sessions.py
test_open_session_with_endpoint,../repos/flask/src/flask/sansio/app.py
test_template_rendered,../repos/flask/src/flask/sessions.py
test_template_rendered,../repos/flask/src/flask/sansio/app.py
test_before_render_template,../repos/flask/src/flask/sessions.py
test_before_render_template,../repos/flask/src/flask/sansio/app.py
test_request_signals,../repos/flask/src/flask/sessions.py
test_request_signals,../repos/flask/src/flask/sansio/app.py
test_request_exception_signal,../repos/flask/src/flask/sessions.py
test_request_exception_signal,../repos/flask/src/flask/sansio/app.py
test_appcontext_signals,../repos/flask/src/flask/sessions.py
test_appcontext_signals,../repos/flask/src/flask/sansio/app.py
test_flash_signal,../repos/flask/src/flask/sessions.py
test_flash_signal,../repos/flask/src/flask/sansio/app.py
test_appcontext_tearing_down_signal,../repos/flask/src/flask/sessions.py
test_appcontext_tearing_down_signal,../repos/flask/src/flask/sansio/app.py
test_suppressed_exception_logging,../repos/flask/src/flask/sansio/app.py
test_context_processing,../repos/flask/src/flask/sessions.py
test_context_processing,../repos/flask/src/flask/sansio/app.py
test_original_win,../repos/flask/src/flask/sessions.py
test_original_win,../repos/flask/src/flask/sansio/app.py
test_simple_stream,../repos/flask/src/flask/sessions.py
test_simple_stream,../repos/flask/src/flask/sansio/app.py
test_request_less_rendering,../repos/flask/src/flask/sessions.py
test_standard_context,../repos/flask/src/flask/sessions.py
test_standard_context,../repos/flask/src/flask/sansio/app.py
test_escaping,../repos/flask/src/flask/sessions.py
test_escaping,../repos/flask/src/flask/sansio/app.py
test_no_escaping,../repos/flask/src/flask/sessions.py
test_no_escaping,../repos/flask/src/flask/sansio/app.py
test_escaping_without_template_filename,../repos/flask/src/flask/sessions.py
test_macros,../repos/flask/src/flask/sessions.py
test_template_filter,../repos/flask/src/flask/sansio/app.py
test_add_template_filter,../repos/flask/src/flask/sansio/app.py
test_template_filter_with_name,../repos/flask/src/flask/sansio/app.py
test_add_template_filter_with_name,../repos/flask/src/flask/sansio/app.py
test_template_filter_with_template,../repos/flask/src/flask/sessions.py
test_template_filter_with_template,../repos/flask/src/flask/sansio/app.py
test_add_template_filter_with_template,../repos/flask/src/flask/sessions.py
test_add_template_filter_with_template,../repos/flask/src/flask/sansio/app.py
test_template_filter_with_name_and_template,../repos/flask/src/flask/sessions.py
test_template_filter_with_name_and_template,../repos/flask/src/flask/sansio/app.py
test_add_template_filter_with_name_and_template,../repos/flask/src/flask/sessions.py
test_add_template_filter_with_name_and_template,../repos/flask/src/flask/sansio/app.py
test_template_test,../repos/flask/src/flask/sansio/app.py
test_add_template_test,../repos/flask/src/flask/sansio/app.py
test_template_test_with_name,../repos/flask/src/flask/sansio/app.py
test_add_template_test_with_name,../repos/flask/src/flask/sansio/app.py
test_template_test_with_template,../repos/flask/src/flask/sessions.py
test_template_test_with_template,../repos/flask/src/flask/sansio/app.py
test_add_template_test_with_template,../repos/flask/src/flask/sessions.py
test_add_template_test_with_template,../repos/flask/src/flask/sansio/app.py
test_template_test_with_name_and_template,../repos/flask/src/flask/sessions.py
test_template_test_with_name_and_template,../repos/flask/src/flask/sansio/app.py
test_add_template_test_with_name_and_template,../repos/flask/src/flask/sessions.py
test_add_template_test_with_name_and_template,../repos/flask/src/flask/sansio/app.py
test_add_template_global,../repos/flask/src/flask/sessions.py
test_add_template_global,../repos/flask/src/flask/sansio/app.py
test_custom_template_loader,../repos/flask/src/flask/sessions.py
test_custom_template_loader,../repos/flask/src/flask/sansio/app.py
test_iterable_loader,../repos/flask/src/flask/sessions.py
test_iterable_loader,../repos/flask/src/flask/sansio/app.py
test_templates_auto_reload,../repos/flask/src/flask/sessions.py
test_templates_auto_reload_debug_run,../repos/flask/src/flask/sansio/app.py
test_template_loader_debugging,../repos/flask/src/flask/logging.py
test_template_loader_debugging,../repos/flask/src/flask/sansio/app.py
test_custom_jinja_env,UNMAPPED
test_environ_defaults_from_config,../repos/flask/src/flask/sansio/app.py
test_environ_defaults,../repos/flask/src/flask/sansio/app.py
test_environ_base_default,../repos/flask/src/flask/sansio/app.py
test_environ_base_modified,../repos/flask/src/flask/sansio/app.py
test_client_open_environ,../repos/flask/src/flask/testing.py
test_client_open_environ,../repos/flask/src/flask/sansio/app.py
test_specify_url_scheme,../repos/flask/src/flask/sansio/app.py
test_path_is_url,../repos/flask/src/flask/testing.py
test_environbuilder_json_dumps,../repos/flask/src/flask/testing.py
test_blueprint_with_subdomain,../repos/flask/src/flask/sessions.py
test_blueprint_with_subdomain,../repos/flask/src/flask/sansio/app.py
test_redirect_session,../repos/flask/src/flask/sessions.py
test_redirect_session,../repos/flask/src/flask/sansio/app.py
test_session_transactions,../repos/flask/src/flask/sansio/app.py
test_session_transactions_no_null_sessions,../repos/flask/src/flask/sessions.py
test_session_transactions_no_null_sessions,../repos/flask/src/flask/sansio/app.py
test_session_transactions_keep_context,../repos/flask/src/flask/sessions.py
test_session_transaction_needs_cookies,../repos/flask/src/flask/sansio/app.py
test_test_client_context_binding,../repos/flask/src/flask/sansio/app.py
test_reuse_client,UNMAPPED
test_full_url_request,../repos/flask/src/flask/sansio/app.py
test_json_request_and_response,../repos/flask/src/flask/sessions.py
test_json_request_and_response,../repos/flask/src/flask/sansio/app.py
test_client_json_no_app_context,../repos/flask/src/flask/sansio/app.py
test_subdomain,../repos/flask/src/flask/sessions.py
test_subdomain,../repos/flask/src/flask/sansio/app.py
test_nosubdomain,../repos/flask/src/flask/sessions.py
test_nosubdomain,../repos/flask/src/flask/sansio/app.py
test_cli_runner_class,../repos/flask/src/flask/sansio/app.py
test_cli_invoke,../repos/flask/src/flask/sansio/app.py
test_cli_custom_obj,../repos/flask/src/flask/cli.py
test_cli_custom_obj,../repos/flask/src/flask/sansio/app.py
test_client_pop_all_preserved,../repos/flask/src/flask/sessions.py
test_client_pop_all_preserved,../repos/flask/src/flask/globals.py
test_client_pop_all_preserved,../repos/flask/src/flask/sansio/app.py
test_error_handler_no_match,../repos/flask/src/flask/sessions.py
test_error_handler_no_match,../repos/flask/src/flask/sansio/app.py
test_error_handler_subclass,../repos/flask/src/flask/sansio/app.py
test_error_handler_http_subclass,../repos/flask/src/flask/sansio/app.py
test_error_handler_blueprint,../repos/flask/src/flask/sessions.py
test_error_handler_blueprint,../repos/flask/src/flask/sansio/app.py
test_default_error_handler,../repos/flask/src/flask/sessions.py
test_default_error_handler,../repos/flask/src/flask/sansio/app.py
test_handle_class_or_code,../repos/flask/src/flask/sansio/app.py
test_handle_generic_http,../repos/flask/src/flask/sansio/app.py
test_handle_generic,../repos/flask/src/flask/sansio/app.py
test_basic_view,../repos/flask/src/flask/sansio/app.py
test_method_based_view,../repos/flask/src/flask/sansio/app.py
test_view_patching,../repos/flask/src/flask/sansio/app.py
test_view_inheritance,../repos/flask/src/flask/sansio/app.py
test_view_decorators,../repos/flask/src/flask/sessions.py
test_view_decorators,../repos/flask/src/flask/sansio/app.py
test_view_provide_automatic_options_attr_disable,../repos/flask/src/flask/sansio/app.py
test_view_provide_automatic_options_attr_enable,../repos/flask/src/flask/sansio/app.py
test_provide_automatic_options_method_disable,../repos/flask/src/flask/sansio/app.py
test_implicit_head,../repos/flask/src/flask/sessions.py
test_implicit_head,../repos/flask/src/flask/sansio/app.py
test_explicit_head,../repos/flask/src/flask/sessions.py
test_explicit_head,../repos/flask/src/flask/sansio/app.py
test_endpoint_override,../repos/flask/src/flask/sansio/app.py
test_methods_var_inheritance,../repos/flask/src/flask/sansio/app.py
test_multiple_inheritance,../repos/flask/src/flask/sansio/app.py
test_remove_method_from_parent,../repos/flask/src/flask/sansio/app.py
test_init_once,../repos/flask/src/flask/sansio/app.py
